Timestamp,ECG_CH1,ECG_CH2
2024-12-19 08:22:19,251411,-384
2024-12-19 08:22:20,251283,-574
2024-12-19 08:22:20,251259,-649
2024-12-19 08:22:20,251165,-706
2024-12-19 08:22:21,250723,-869
2024-12-19 08:22:21,250390,-1008
2024-12-19 08:22:22,250423,-1082
2024-12-19 08:22:22,250154,-1114
2024-12-19 08:22:23,249502,-1064
2024-12-19 08:22:23,249334,-1166
2024-12-19 08:22:23,249373,-1215
2024-12-19 08:22:24,249233,-1272
2024-12-19 08:22:24,248844,-1370
2024-12-19 08:22:24,248691,-1441
2024-12-19 08:22:25,248858,-1372
2024-12-19 08:22:25,248566,-1447
2024-12-19 08:22:25,248357,-1546
2024-12-19 08:22:25,247876,-1586
2024-12-19 08:22:25,247921,-1601
2024-12-19 08:22:25,247937,-1651
2024-12-19 08:22:25,248057,-1682
2024-12-19 08:22:25,247822,-1771
2024-12-19 08:22:25,247670,-1869
2024-12-19 08:22:25,247724,-1855
2024-12-19 08:22:25,247561,-1906
2024-12-19 08:22:25,246984,-1918
2024-12-19 08:22:25,247203,-1937
2024-12-19 08:22:25,247329,-1981
2024-12-19 08:22:25,247276,-2182
2024-12-19 08:22:25,247144,-2113
2024-12-19 08:22:25,247105,-1997
2024-12-19 08:22:25,247368,-2006
2024-12-19 08:22:25,247299,-2044
2024-12-19 08:22:25,247121,-2041
2024-12-19 08:22:25,246945,-2031
2024-12-19 08:22:25,247084,-2095
2024-12-19 08:22:25,247234,-2106
2024-12-19 08:22:25,247251,-2266
2024-12-19 08:22:25,247184,-2260
2024-12-19 08:22:25,246999,-2238
2024-12-19 08:22:25,247475,-2184
2024-12-19 08:22:25,247346,-2223
2024-12-19 08:22:25,246809,-2201
2024-12-19 08:22:25,247016,-2163
2024-12-19 08:22:25,247177,-2132
2024-12-19 08:22:25,247329,-2181
2024-12-19 08:22:25,247339,-2289
2024-12-19 08:22:25,247219,-2289
2024-12-19 08:22:25,247329,-2264
2024-12-19 08:22:25,247267,-2239
2024-12-19 08:22:26,247003,-2259
2024-12-19 08:22:26,246698,-2328
2024-12-19 08:22:27,246818,-2293
2024-12-19 08:22:27,247142,-2337
2024-12-19 08:22:27,247346,-2287
2024-12-19 08:22:27,247446,-2299
2024-12-19 08:22:27,247317,-2417
2024-12-19 08:22:27,247246,-2444
2024-12-19 08:22:27,247306,-2499
2024-12-19 08:22:27,246960,-2408
2024-12-19 08:22:27,246793,-2409
2024-12-19 08:22:27,246979,-2463
2024-12-19 08:22:27,247257,-2410
2024-12-19 08:22:27,247381,-2397
2024-12-19 08:22:27,247269,-2454
2024-12-19 08:22:27,247541,-2336
2024-12-19 08:22:27,247631,-2474
2024-12-19 08:22:27,247679,-2592
2024-12-19 08:22:27,247211,-2594
2024-12-19 08:22:27,247311,-2327
2024-12-19 08:22:27,247494,-2365
2024-12-19 08:22:27,247632,-2502
2024-12-19 08:22:27,247550,-2504
2024-12-19 08:22:27,247418,-2589
2024-12-19 08:22:27,247599,-2565
2024-12-19 08:22:27,247549,-2558
2024-12-19 08:22:27,247353,-2541
2024-12-19 08:22:27,247020,-2547
2024-12-19 08:22:27,247076,-2682
2024-12-19 08:22:27,247298,-2646
2024-12-19 08:22:27,247474,-2576
2024-12-19 08:22:27,247481,-2508
2024-12-19 08:22:27,247712,-2476
2024-12-19 08:22:27,247720,-2499
2024-12-19 08:22:27,247601,-2490
2024-12-19 08:22:27,247252,-2519
2024-12-19 08:22:27,247338,-2567
2024-12-19 08:22:27,247426,-2572
2024-12-19 08:22:27,247411,-2614
2024-12-19 08:22:27,247364,-2577
2024-12-19 08:22:27,247184,-2610
2024-12-19 08:22:27,247473,-2622
2024-12-19 08:22:27,247656,-2501
2024-12-19 08:22:27,247475,-2520
2024-12-19 08:22:27,247047,-2534
2024-12-19 08:22:28,247179,-2454
2024-12-19 08:22:28,247302,-2440
2024-12-19 08:22:28,247431,-2426
2024-12-19 08:22:29,247305,-2495
2024-12-19 08:22:29,247313,-2503
2024-12-19 08:22:30,247464,-2509
2024-12-19 08:22:30,247391,-2547
2024-12-19 08:22:31,246819,-2659
2024-12-19 08:22:31,246954,-2564
2024-12-19 08:22:32,247093,-2591
2024-12-19 08:22:32,247126,-2646
2024-12-19 08:22:33,247271,-2545
2024-12-19 08:22:33,247196,-2573
2024-12-19 08:22:33,247378,-2645
2024-12-19 08:22:34,247178,-2585
2024-12-19 08:22:34,246777,-2615
2024-12-19 08:22:34,246737,-2590
2024-12-19 08:22:34,246859,-2638
2024-12-19 08:22:34,246963,-2533
2024-12-19 08:22:35,247061,-2576
2024-12-19 08:22:35,247025,-2551
2024-12-19 08:22:36,247156,-2531
2024-12-19 08:22:36,247319,-2491
2024-12-19 08:22:37,247170,-2564
2024-12-19 08:22:37,246624,-2590
2024-12-19 08:22:38,246943,-2524
2024-12-19 08:22:38,246984,-2544
2024-12-19 08:22:38,247033,-2593
2024-12-19 08:22:39,246793,-2711
2024-12-19 08:22:39,246728,-2751
2024-12-19 08:22:40,246757,-2812
2024-12-19 08:22:40,246936,-2726
2024-12-19 08:22:40,246592,-2834
2024-12-19 08:22:41,246760,-2770
2024-12-19 08:22:41,246956,-2731
2024-12-19 08:22:41,246949,-2553
2024-12-19 08:22:42,247058,-2315
2024-12-19 08:22:42,246974,-2358
2024-12-19 08:22:42,246929,-2309
2024-12-19 08:22:43,247197,-2210
2024-12-19 08:22:43,246997,-2431
2024-12-19 08:22:43,246448,-2489
2024-12-19 08:22:44,246474,-2531
2024-12-19 08:22:44,246585,-2529
2024-12-19 08:22:45,246829,-2492
2024-12-19 08:22:45,246803,-2564
2024-12-19 08:22:45,246565,-2597
2024-12-19 08:22:46,247033,-2492
2024-12-19 08:22:46,247096,-2484
2024-12-19 08:22:46,246825,-2419
2024-12-19 08:22:47,246535,-2456
2024-12-19 08:22:47,246635,-2417
2024-12-19 08:22:47,246771,-2456
2024-12-19 08:22:48,246791,-2477
2024-12-19 08:22:48,246721,-2414
2024-12-19 08:22:48,246645,-2514
2024-12-19 08:22:49,246570,-2574
2024-12-19 08:22:49,246413,-2426
2024-12-19 08:22:49,246255,-2393
2024-12-19 08:22:50,246154,-2404
2024-12-19 08:22:50,246117,-2465
2024-12-19 08:22:51,246131,-2585
2024-12-19 08:22:51,246139,-2606
2024-12-19 08:22:52,246060,-2526
2024-12-19 08:22:52,246248,-2386
2024-12-19 08:22:53,246369,-2452
2024-12-19 08:22:53,246593,-2293
2024-12-19 08:22:54,246207,-2293
2024-12-19 08:22:54,246241,-2279
2024-12-19 08:22:55,246089,-2462
2024-12-19 08:22:55,246079,-2461
2024-12-19 08:22:55,246410,-2381
2024-12-19 08:22:56,246640,-2443
2024-12-19 08:22:56,246733,-2419
2024-12-19 08:22:57,246649,-2394
2024-12-19 08:22:57,246338,-2426
2024-12-19 08:22:57,246544,-2489
2024-12-19 08:22:58,246733,-2479
2024-12-19 08:22:58,246976,-2551
2024-12-19 08:22:59,247158,-2379
2024-12-19 08:22:59,247087,-2533
2024-12-19 08:22:59,247186,-2667
2024-12-19 08:23:00,247438,-2646
2024-12-19 08:23:00,247195,-2384
2024-12-19 08:23:01,246606,-2461
2024-12-19 08:23:01,246494,-2609
2024-12-19 08:23:01,246605,-2622
2024-12-19 08:23:02,246808,-2561
2024-12-19 08:23:02,246828,-2509
2024-12-19 08:23:03,246734,-2513
2024-12-19 08:23:03,246771,-2629
2024-12-19 08:23:04,246656,-2513
2024-12-19 08:23:04,246241,-2499
2024-12-19 08:23:04,246353,-2571
2024-12-19 08:23:05,246503,-2645
2024-12-19 08:23:05,246515,-2717
2024-12-19 08:23:06,246579,-2787
2024-12-19 08:23:06,246524,-2813
2024-12-19 08:23:06,246489,-2796
2024-12-19 08:23:07,246624,-2815
2024-12-19 08:23:07,246571,-2826
2024-12-19 08:23:08,246077,-2806
2024-12-19 08:23:08,246297,-2713
2024-12-19 08:23:08,246441,-2736
2024-12-19 08:23:09,246625,-2757
2024-12-19 08:23:09,246608,-2755
2024-12-19 08:23:10,246578,-2801
2024-12-19 08:23:10,246788,-2840
2024-12-19 08:23:11,246616,-2984
2024-12-19 08:23:11,246273,-2924
2024-12-19 08:23:12,246383,-2937
2024-12-19 08:23:12,246506,-2972
2024-12-19 08:23:13,246429,-2978
2024-12-19 08:23:13,246371,-3112
2024-12-19 08:23:14,246442,-3047
2024-12-19 08:23:14,246716,-2909
2024-12-19 08:23:15,246933,-2905
2024-12-19 08:23:15,246958,-2877
2024-12-19 08:23:15,246592,-2771
2024-12-19 08:23:16,246596,-2815
2024-12-19 08:23:16,246642,-2982
2024-12-19 08:23:16,246862,-2807
2024-12-19 08:23:16,246682,-2909
2024-12-19 08:23:16,246437,-3079
2024-12-19 08:23:16,246829,-3096
2024-12-19 08:23:16,246858,-3070
2024-12-19 08:23:16,246809,-3094
2024-12-19 08:23:16,247255,-2994
2024-12-19 08:23:16,248528,-2696
2024-12-19 08:23:16,249379,-2486
2024-12-19 08:23:16,250371,-2053
2024-12-19 08:23:16,252119,-1357
2024-12-19 08:23:16,253538,-912
2024-12-19 08:23:16,253700,-783
2024-12-19 08:23:16,253915,-457
2024-12-19 08:23:16,253113,-379
2024-12-19 08:23:16,251588,-1116
2024-12-19 08:23:16,250084,-1731
2024-12-19 08:23:16,246597,-3316
2024-12-19 08:23:16,243080,-4771
2024-12-19 08:23:16,241708,-5675
2024-12-19 08:23:16,240531,-7086
2024-12-19 08:23:16,236796,-8068
2024-12-19 08:23:16,232956,-8764
2024-12-19 08:23:16,232328,-8981
2024-12-19 08:23:16,232490,-9216
2024-12-19 08:23:16,231683,-9541
2024-12-19 08:23:16,231766,-9708
2024-12-19 08:23:16,232894,-9483
2024-12-19 08:23:16,235677,-9030
2024-12-19 08:23:16,238139,-8747
2024-12-19 08:23:16,240542,-8111
2024-12-19 08:23:16,241994,-7392
2024-12-19 08:23:16,243336,-6611
2024-12-19 08:23:16,244481,-5855
2024-12-19 08:23:16,245311,-5189
2024-12-19 08:23:16,246051,-4716
2024-12-19 08:23:16,246276,-4552
2024-12-19 08:23:16,246657,-4204
2024-12-19 08:23:16,246755,-3988
2024-12-19 08:23:16,246606,-3672
2024-12-19 08:23:16,246548,-3304
2024-12-19 08:23:16,246812,-3348
2024-12-19 08:23:16,247083,-3280
2024-12-19 08:23:16,247482,-3034
2024-12-19 08:23:16,247553,-2834
2024-12-19 08:23:16,247785,-2850
2024-12-19 08:23:16,248054,-2921
2024-12-19 08:23:16,247884,-3111
2024-12-19 08:23:16,247487,-3042
2024-12-19 08:23:16,247569,-2844
2024-12-19 08:23:16,247926,-2659
2024-12-19 08:23:16,248074,-2741
2024-12-19 08:23:16,248096,-2849
2024-12-19 08:23:16,248014,-2860
2024-12-19 08:23:16,248303,-2646
2024-12-19 08:23:16,248291,-2689
2024-12-19 08:23:16,248245,-2718
2024-12-19 08:23:16,247935,-2711
2024-12-19 08:23:16,248226,-2610
2024-12-19 08:23:16,248328,-2521
2024-12-19 08:23:16,248496,-2474
2024-12-19 08:23:16,248664,-2420
2024-12-19 08:23:16,248817,-2279
2024-12-19 08:23:16,249050,-2202
2024-12-19 08:23:16,249095,-2138
2024-12-19 08:23:16,248774,-2111
2024-12-19 08:23:16,248782,-2209
2024-12-19 08:23:16,248675,-2482
2024-12-19 08:23:16,248936,-2432
2024-12-19 08:23:16,249011,-2439
2024-12-19 08:23:16,248893,-2391
2024-12-19 08:23:16,249277,-2322
2024-12-19 08:23:16,249468,-2236
2024-12-19 08:23:16,249228,-2186
2024-12-19 08:23:16,249093,-2141
2024-12-19 08:23:16,249346,-2099
2024-12-19 08:23:16,249404,-2049
2024-12-19 08:23:16,249611,-2076
2024-12-19 08:23:16,249757,-2150
2024-12-19 08:23:16,249768,-1985
2024-12-19 08:23:16,249901,-1991
2024-12-19 08:23:16,250023,-1959
2024-12-19 08:23:16,249802,-1974
2024-12-19 08:23:16,249868,-1914
2024-12-19 08:23:16,250129,-1864
2024-12-19 08:23:16,250503,-1846
2024-12-19 08:23:16,250579,-1827
2024-12-19 08:23:16,250504,-1947
2024-12-19 08:23:16,250774,-1942
2024-12-19 08:23:16,251001,-1739
2024-12-19 08:23:16,250879,-1801
2024-12-19 08:23:16,250629,-1809
2024-12-19 08:23:16,250912,-1811
2024-12-19 08:23:16,251261,-1760
2024-12-19 08:23:16,251474,-1779
2024-12-19 08:23:16,251488,-1842
2024-12-19 08:23:16,251447,-1854
2024-12-19 08:23:16,251812,-1664
2024-12-19 08:23:16,252105,-1372
2024-12-19 08:23:16,251876,-1521
2024-12-19 08:23:16,252101,-1529
2024-12-19 08:23:16,252394,-1378
2024-12-19 08:23:16,252562,-1241
2024-12-19 08:23:16,252866,-1324
2024-12-19 08:23:16,252988,-1403
2024-12-19 08:23:16,253224,-1283
2024-12-19 08:23:16,253264,-1114
2024-12-19 08:23:16,253273,-1101
2024-12-19 08:23:16,253081,-1147
2024-12-19 08:23:16,253369,-1212
2024-12-19 08:23:16,253663,-1154
2024-12-19 08:23:16,253691,-1112
2024-12-19 08:23:16,253661,-1096
2024-12-19 08:23:16,253852,-1081
2024-12-19 08:23:16,253894,-1146
2024-12-19 08:23:16,253904,-1196
2024-12-19 08:23:16,253804,-1132
2024-12-19 08:23:16,253644,-1069
2024-12-19 08:23:16,253722,-1167
2024-12-19 08:23:16,253981,-1117
2024-12-19 08:23:16,254034,-1045
2024-12-19 08:23:16,253748,-1134
2024-12-19 08:23:16,253841,-1081
2024-12-19 08:23:16,253928,-1054
2024-12-19 08:23:16,253771,-1092
2024-12-19 08:23:16,253283,-1110
2024-12-19 08:23:16,253199,-1197
2024-12-19 08:23:16,253243,-1184
2024-12-19 08:23:16,253218,-1137
2024-12-19 08:23:16,253074,-1141
2024-12-19 08:23:16,252939,-1117
2024-12-19 08:23:16,252867,-1259
2024-12-19 08:23:16,252639,-1269
2024-12-19 08:23:16,251909,-1291
2024-12-19 08:23:16,251749,-1313
2024-12-19 08:23:16,251704,-1306
2024-12-19 08:23:16,251546,-1467
2024-12-19 08:23:16,251308,-1567
2024-12-19 08:23:16,250997,-1582
2024-12-19 08:23:16,250741,-1544
2024-12-19 08:23:16,250889,-1666
2024-12-19 08:23:16,250484,-1817
2024-12-19 08:23:16,249348,-1904
2024-12-19 08:23:16,249289,-1754
2024-12-19 08:23:16,249148,-1828
2024-12-19 08:23:16,249071,-1872
2024-12-19 08:23:16,248951,-1886
2024-12-19 08:23:16,248638,-1996
2024-12-19 08:23:16,248704,-1971
2024-12-19 08:23:16,248463,-2039
2024-12-19 08:23:16,248241,-1957
2024-12-19 08:23:16,247940,-2040
2024-12-19 08:23:16,247976,-2091
2024-12-19 08:23:16,247850,-2114
2024-12-19 08:23:16,247698,-2164
2024-12-19 08:23:16,247825,-2303
2024-12-19 08:23:16,247641,-2409
2024-12-19 08:23:16,247682,-2472
2024-12-19 08:23:16,247676,-2283
2024-12-19 08:23:16,247473,-2257
2024-12-19 08:23:16,247474,-2339
2024-12-19 08:23:16,247417,-2491
2024-12-19 08:23:16,247546,-2407
2024-12-19 08:23:16,247630,-2407
2024-12-19 08:23:16,247494,-2489
2024-12-19 08:23:16,247736,-2499
2024-12-19 08:23:16,247639,-2579
2024-12-19 08:23:16,247308,-2699
2024-12-19 08:23:16,247332,-2626
2024-12-19 08:23:16,247408,-2662
2024-12-19 08:23:16,247553,-2622
2024-12-19 08:23:16,247760,-2489
2024-12-19 08:23:16,247643,-2499
2024-12-19 08:23:16,247776,-2538
2024-12-19 08:23:16,247856,-2520
2024-12-19 08:23:16,247628,-2621
2024-12-19 08:23:16,247216,-2599
2024-12-19 08:23:16,247120,-2764
2024-12-19 08:23:16,247160,-2683
2024-12-19 08:23:16,247354,-2756
2024-12-19 08:23:16,247467,-2689
2024-12-19 08:23:16,247332,-2651
2024-12-19 08:23:16,247396,-2741
2024-12-19 08:23:16,247443,-2712
2024-12-19 08:23:16,247243,-2725
2024-12-19 08:23:16,247122,-2718
2024-12-19 08:23:16,247264,-2884
2024-12-19 08:23:16,247444,-3036
2024-12-19 08:23:16,247264,-3041
2024-12-19 08:23:16,247093,-2794
2024-12-19 08:23:16,247128,-2772
2024-12-19 08:23:16,247326,-2904
2024-12-19 08:23:16,247128,-3005
2024-12-19 08:23:16,246891,-3007
2024-12-19 08:23:16,247015,-3067
2024-12-19 08:23:16,247099,-3024
2024-12-19 08:23:16,247177,-3010
2024-12-19 08:23:16,247260,-2910
2024-12-19 08:23:16,247171,-2881
2024-12-19 08:23:16,247196,-2837
2024-12-19 08:23:16,247326,-2841
2024-12-19 08:23:16,247110,-2852
2024-12-19 08:23:16,246711,-2991
2024-12-19 08:23:16,246829,-3039
2024-12-19 08:23:16,247064,-2996
2024-12-19 08:23:16,247182,-2896
2024-12-19 08:23:16,247094,-2909
2024-12-19 08:23:16,246868,-2907
2024-12-19 08:23:16,247064,-3096
2024-12-19 08:23:16,247209,-3057
2024-12-19 08:23:16,246554,-3031
2024-12-19 08:23:16,246731,-3073
2024-12-19 08:23:16,247019,-2995
2024-12-19 08:23:16,247233,-3027
2024-12-19 08:23:16,247264,-3004
2024-12-19 08:23:16,247179,-3152
2024-12-19 08:23:16,247343,-3154
2024-12-19 08:23:16,247311,-3379
2024-12-19 08:23:16,247208,-3233
2024-12-19 08:23:16,246678,-3309
2024-12-19 08:23:16,246870,-3242
2024-12-19 08:23:16,247035,-3121
2024-12-19 08:23:16,247001,-3251
2024-12-19 08:23:16,246839,-3325
2024-12-19 08:23:16,246973,-3146
2024-12-19 08:23:16,247281,-3097
2024-12-19 08:23:16,247115,-3127
2024-12-19 08:23:16,246571,-3221
2024-12-19 08:23:16,246826,-3312
2024-12-19 08:23:16,247000,-3384
2024-12-19 08:23:16,246929,-3259
2024-12-19 08:23:16,246861,-3212
2024-12-19 08:23:16,246953,-3089
2024-12-19 08:23:16,247148,-3176
2024-12-19 08:23:16,247032,-3344
2024-12-19 08:23:16,246661,-3481
2024-12-19 08:23:16,246373,-3571
2024-12-19 08:23:16,246582,-3525
2024-12-19 08:23:16,247049,-3571
2024-12-19 08:23:16,247172,-3687
2024-12-19 08:23:16,247172,-3697
2024-12-19 08:23:16,246928,-3742
2024-12-19 08:23:16,247007,-3797
2024-12-19 08:23:16,246930,-3793
2024-12-19 08:23:16,246609,-3802
2024-12-19 08:23:16,246948,-3717
2024-12-19 08:23:16,247020,-3682
2024-12-19 08:23:16,247214,-3782
2024-12-19 08:23:16,247315,-3826
2024-12-19 08:23:16,246807,-3921
2024-12-19 08:23:16,247052,-3676
2024-12-19 08:23:16,247106,-3766
2024-12-19 08:23:16,247004,-3768
2024-12-19 08:23:16,246731,-3844
2024-12-19 08:23:16,246746,-3957
2024-12-19 08:23:16,247095,-3962
2024-12-19 08:23:16,247241,-3973
2024-12-19 08:23:16,247115,-3978
2024-12-19 08:23:16,246805,-4004
2024-12-19 08:23:16,247114,-3979
2024-12-19 08:23:16,247182,-3928
2024-12-19 08:23:16,246908,-3933
2024-12-19 08:23:16,247033,-3880
2024-12-19 08:23:16,247383,-3826
2024-12-19 08:23:16,247464,-3891
2024-12-19 08:23:16,247383,-3954
2024-12-19 08:23:16,247003,-4009
2024-12-19 08:23:16,247059,-4005
2024-12-19 08:23:16,247270,-3929
2024-12-19 08:23:16,247179,-3872
2024-12-19 08:23:16,246827,-3922
2024-12-19 08:23:16,247178,-3827
2024-12-19 08:23:16,247392,-3821
2024-12-19 08:23:16,247493,-3819
2024-12-19 08:23:16,247459,-3811
2024-12-19 08:23:16,247420,-3712
2024-12-19 08:23:16,247282,-3826
2024-12-19 08:23:16,247233,-3989
2024-12-19 08:23:16,246923,-4041
2024-12-19 08:23:16,246655,-4067
2024-12-19 08:23:16,246867,-4167
2024-12-19 08:23:16,246994,-4162
2024-12-19 08:23:16,247173,-4130
2024-12-19 08:23:16,246982,-4177
2024-12-19 08:23:16,246901,-4331
2024-12-19 08:23:16,247134,-4231
2024-12-19 08:23:16,246885,-4211
2024-12-19 08:23:16,246618,-4237
2024-12-19 08:23:16,247117,-4069
2024-12-19 08:23:16,247360,-3907
2024-12-19 08:23:16,247389,-4056
2024-12-19 08:23:16,247041,-4076
2024-12-19 08:23:16,246924,-4035
2024-12-19 08:23:16,247184,-4042
2024-12-19 08:23:16,247417,-3951
2024-12-19 08:23:16,247569,-3970
2024-12-19 08:23:16,247228,-4040
2024-12-19 08:23:16,247624,-4138
2024-12-19 08:23:16,247998,-4175
2024-12-19 08:23:16,247791,-4114
2024-12-19 08:23:16,247828,-3979
2024-12-19 08:23:16,247921,-4112
2024-12-19 08:23:16,248103,-4252
2024-12-19 08:23:16,247967,-4284
2024-12-19 08:23:16,247214,-4371
2024-12-19 08:23:16,247683,-4339
2024-12-19 08:23:16,248008,-4369
2024-12-19 08:23:16,248054,-4361
2024-12-19 08:23:16,247875,-4248
2024-12-19 08:23:16,247565,-4417
2024-12-19 08:23:16,247739,-4404
2024-12-19 08:23:16,247668,-4402
2024-12-19 08:23:16,247393,-4361
2024-12-19 08:23:16,247235,-4384
2024-12-19 08:23:16,247561,-4350
2024-12-19 08:23:16,247770,-4341
2024-12-19 08:23:16,247763,-4303
2024-12-19 08:23:16,247474,-4364
2024-12-19 08:23:16,247119,-4491
2024-12-19 08:23:16,247575,-4463
2024-12-19 08:23:16,247309,-4522
2024-12-19 08:23:16,246821,-4505
2024-12-19 08:23:16,247083,-4577
2024-12-19 08:23:16,247416,-4546
2024-12-19 08:23:16,247543,-4416
2024-12-19 08:23:16,247627,-4327
2024-12-19 08:23:16,247224,-4443
2024-12-19 08:23:16,247518,-4556
2024-12-19 08:23:16,247596,-4519
2024-12-19 08:23:16,247217,-4621
2024-12-19 08:23:16,247133,-4692
2024-12-19 08:23:16,247534,-4629
2024-12-19 08:23:16,247655,-4611
2024-12-19 08:23:16,247802,-4587
2024-12-19 08:23:16,247718,-4559
2024-12-19 08:23:16,247252,-4667
2024-12-19 08:23:16,247269,-4562
2024-12-19 08:23:16,247198,-4709
2024-12-19 08:23:16,246992,-4622
2024-12-19 08:23:16,247148,-4662
2024-12-19 08:23:16,247610,-4559
2024-12-19 08:23:16,247833,-4522
2024-12-19 08:23:16,247613,-4560
2024-12-19 08:23:16,247204,-4591
2024-12-19 08:23:16,247418,-4489
2024-12-19 08:23:16,247461,-4484
2024-12-19 08:23:16,247394,-4483
2024-12-19 08:23:16,247278,-4559
2024-12-19 08:23:16,247569,-4654
2024-12-19 08:23:16,248158,-4296
2024-12-19 08:23:16,249122,-4135
2024-12-19 08:23:16,250076,-3801
2024-12-19 08:23:16,250188,-3817
2024-12-19 08:23:16,251803,-3631
2024-12-19 08:23:16,253671,-3107
2024-12-19 08:23:16,254838,-2554
2024-12-19 08:23:16,255329,-2296
2024-12-19 08:23:16,256301,-2030
2024-12-19 08:23:16,256432,-1872
2024-12-19 08:23:16,255038,-2221
2024-12-19 08:23:16,251264,-3344
2024-12-19 08:23:16,246808,-4867
2024-12-19 08:23:16,244029,-5921
2024-12-19 08:23:16,242090,-6725
2024-12-19 08:23:16,239363,-7831
2024-12-19 08:23:16,234721,-8611
2024-12-19 08:23:16,232450,-9080
2024-12-19 08:23:16,232853,-9212
2024-12-19 08:23:16,230860,-9892
2024-12-19 08:23:16,229905,-10301
2024-12-19 08:23:16,230014,-10500
2024-12-19 08:23:16,232153,-10317
2024-12-19 08:23:16,233743,-10206
2024-12-19 08:23:16,236278,-9911
2024-12-19 08:23:16,239179,-9428
2024-12-19 08:23:16,241662,-8791
2024-12-19 08:23:16,243273,-8139
2024-12-19 08:23:16,244131,-7428
2024-12-19 08:23:16,245078,-6732
2024-12-19 08:23:16,246371,-6081
2024-12-19 08:23:16,247219,-5603
2024-12-19 08:23:16,247123,-5354
2024-12-19 08:23:16,247446,-5146
2024-12-19 08:23:16,247911,-4957
2024-12-19 08:23:16,248020,-4734
2024-12-19 08:23:16,248268,-4634
2024-12-19 08:23:16,248237,-4485
2024-12-19 08:23:16,248733,-4284
2024-12-19 08:23:16,248906,-4188
2024-12-19 08:23:16,248460,-4146
2024-12-19 08:23:16,248569,-4204
2024-12-19 08:23:16,249071,-4241
2024-12-19 08:23:16,249245,-4246
2024-12-19 08:23:16,249251,-4229
2024-12-19 08:23:16,248941,-4291
2024-12-19 08:23:16,248754,-4391
2024-12-19 08:23:16,249171,-4319
2024-12-19 08:23:16,249099,-4476
2024-12-19 08:23:16,248526,-4743
2024-12-19 08:23:16,248808,-4716
2024-12-19 08:23:16,249068,-4846
2024-12-19 08:23:16,249445,-4801
2024-12-19 08:23:16,249404,-4832
2024-12-19 08:23:16,249139,-4862
2024-12-19 08:23:16,249426,-4637
2024-12-19 08:23:16,249681,-4350
2024-12-19 08:23:16,249427,-4375
2024-12-19 08:23:16,249466,-4433
2024-12-19 08:23:16,250006,-4356
2024-12-19 08:23:16,250297,-4286
2024-12-19 08:23:16,250281,-4168
2024-12-19 08:23:16,250053,-4409
2024-12-19 08:23:16,250081,-4391
2024-12-19 08:23:16,250205,-4527
2024-12-19 08:23:16,250151,-4401
2024-12-19 08:23:16,249811,-4391
2024-12-19 08:23:16,250125,-4349
2024-12-19 08:23:16,250366,-4366
2024-12-19 08:23:16,250609,-4397
2024-12-19 08:23:16,250508,-4351
2024-12-19 08:23:16,250338,-4329
2024-12-19 08:23:16,250713,-4287
2024-12-19 08:23:16,250856,-4301
2024-12-19 08:23:16,250568,-4293
2024-12-19 08:23:16,250661,-4281
2024-12-19 08:23:16,251111,-4171
2024-12-19 08:23:16,251351,-4153
2024-12-19 08:23:16,251303,-4180
2024-12-19 08:23:16,251231,-4157
2024-12-19 08:23:16,251362,-4048
2024-12-19 08:23:16,251606,-4059
2024-12-19 08:23:16,251674,-4219
2024-12-19 08:23:16,251405,-4153
2024-12-19 08:23:16,251598,-4079
2024-12-19 08:23:16,251899,-3922
2024-12-19 08:23:16,252200,-3952
2024-12-19 08:23:16,252175,-3994
2024-12-19 08:23:16,251973,-4081
2024-12-19 08:23:16,252397,-3993
2024-12-19 08:23:16,252693,-3928
2024-12-19 08:23:16,252646,-3953
2024-12-19 08:23:16,252506,-3935
2024-12-19 08:23:16,252973,-3964
2024-12-19 08:23:16,253454,-3976
2024-12-19 08:23:16,253824,-3834
2024-12-19 08:23:16,253756,-3679
2024-12-19 08:23:16,253872,-3839
2024-12-19 08:23:16,254267,-3892
2024-12-19 08:23:16,253941,-3946
2024-12-19 08:23:16,253599,-3743
2024-12-19 08:23:16,254001,-3739
2024-12-19 08:23:16,254193,-3854
2024-12-19 08:23:16,254447,-3956
2024-12-19 08:23:16,254583,-3905
2024-12-19 08:23:16,254308,-3929
2024-12-19 08:23:16,254585,-3888
2024-12-19 08:23:16,254890,-3874
2024-12-19 08:23:16,254902,-3881
2024-12-19 08:23:16,254613,-3824
2024-12-19 08:23:16,254767,-3945
2024-12-19 08:23:16,255106,-3917
2024-12-19 08:23:16,255176,-4087
2024-12-19 08:23:16,255132,-3982
2024-12-19 08:23:16,255071,-3895
2024-12-19 08:23:16,255283,-3962
2024-12-19 08:23:16,255366,-3935
2024-12-19 08:23:16,254771,-4047
2024-12-19 08:23:16,255043,-3984
2024-12-19 08:23:16,255123,-4075
2024-12-19 08:23:16,255181,-4157
2024-12-19 08:23:16,255036,-4229
2024-12-19 08:23:16,254834,-4241
2024-12-19 08:23:16,254821,-4167
2024-12-19 08:23:16,254624,-4180
2024-12-19 08:23:16,254354,-4253
2024-12-19 08:23:16,253814,-4322
2024-12-19 08:23:16,253724,-4361
2024-12-19 08:23:16,253861,-4389
2024-12-19 08:23:16,253672,-4452
2024-12-19 08:23:16,253247,-4506
2024-12-19 08:23:16,252835,-4562
2024-12-19 08:23:16,252656,-4630
2024-12-19 08:23:16,252209,-4736
2024-12-19 08:23:16,251458,-4873
2024-12-19 08:23:16,251314,-4806
2024-12-19 08:23:16,251264,-4734
2024-12-19 08:23:16,251183,-4701
2024-12-19 08:23:16,250923,-4648
2024-12-19 08:23:16,250446,-4759
2024-12-19 08:23:16,250322,-4809
2024-12-19 08:23:16,250244,-4824
2024-12-19 08:23:16,250138,-4892
2024-12-19 08:23:16,249640,-4929
2024-12-19 08:23:16,249503,-4760
2024-12-19 08:23:16,249709,-4642
2024-12-19 08:23:16,249722,-4665
2024-12-19 08:23:16,249514,-4668
2024-12-19 08:23:16,249131,-4780
2024-12-19 08:23:16,249202,-4786
2024-12-19 08:23:16,248954,-4862
2024-12-19 08:23:16,248501,-4897
2024-12-19 08:23:16,248591,-4889
2024-12-19 08:23:16,248901,-4856
2024-12-19 08:23:16,249118,-4860
2024-12-19 08:23:16,249002,-4914
2024-12-19 08:23:16,248565,-5096
2024-12-19 08:23:16,248686,-5106
2024-12-19 08:23:16,248749,-5034
2024-12-19 08:23:16,248603,-5136
2024-12-19 08:23:16,248299,-5142
2024-12-19 08:23:16,248588,-5072
2024-12-19 08:23:16,248686,-5093
2024-12-19 08:23:16,248857,-5116
2024-12-19 08:23:16,248909,-5146
2024-12-19 08:23:16,248582,-5127
2024-12-19 08:23:16,248899,-5014
2024-12-19 08:23:16,249138,-4912
2024-12-19 08:23:16,248677,-5010
2024-12-19 08:23:16,248514,-5194
2024-12-19 08:23:16,248786,-5391
2024-12-19 08:23:16,248933,-5249
2024-12-19 08:23:16,248934,-5337
2024-12-19 08:23:16,248830,-5335
2024-12-19 08:23:16,248804,-5389
2024-12-19 08:23:16,249013,-5382
2024-12-19 08:23:16,248905,-5421
2024-12-19 08:23:16,248567,-5307
2024-12-19 08:23:16,248891,-5280
2024-12-19 08:23:16,249148,-5392
2024-12-19 08:23:16,249129,-5447
2024-12-19 08:23:16,249027,-5460
2024-12-19 08:23:16,248929,-5419
2024-12-19 08:23:16,249119,-5394
2024-12-19 08:23:16,249143,-5521
2024-12-19 08:23:16,248859,-5633
2024-12-19 08:23:16,248559,-5581
2024-12-19 08:23:16,248911,-5508
2024-12-19 08:23:16,249171,-5464
2024-12-19 08:23:16,249270,-5443
2024-12-19 08:23:16,249017,-5527
2024-12-19 08:23:16,248834,-5528
2024-12-19 08:23:16,249151,-5584
2024-12-19 08:23:16,249086,-5526
2024-12-19 08:23:16,248658,-5458
2024-12-19 08:23:16,248913,-5525
2024-12-19 08:23:16,249118,-5479
2024-12-19 08:23:16,249124,-5516
2024-12-19 08:23:16,248874,-5444
2024-12-19 08:23:16,248711,-5461
2024-12-19 08:23:16,248979,-5396
2024-12-19 08:23:16,249136,-5316
2024-12-19 08:23:16,248958,-5291
2024-12-19 08:23:16,248559,-5329
2024-12-19 08:23:16,248768,-5432
2024-12-19 08:23:16,249187,-5409
2024-12-19 08:23:16,249053,-5287
2024-12-19 08:23:16,248779,-4992
2024-12-19 08:23:16,248727,-4950
2024-12-19 08:23:16,248904,-5090
2024-12-19 08:23:16,248810,-5225
2024-12-19 08:23:16,248274,-5291
2024-12-19 08:23:16,248557,-5203
2024-12-19 08:23:16,248793,-5192
2024-12-19 08:23:16,248769,-5248
2024-12-19 08:23:16,248665,-5197
2024-12-19 08:23:16,248421,-5282
2024-12-19 08:23:16,248581,-5302
2024-12-19 08:23:16,248639,-5226
2024-12-19 08:23:16,248431,-5149
2024-12-19 08:23:16,248298,-5187
2024-12-19 08:23:16,248442,-5172
2024-12-19 08:23:16,248712,-5082
2024-12-19 08:23:16,248679,-5137
2024-12-19 08:23:16,248511,-5134
2024-12-19 08:23:16,248548,-5020
2024-12-19 08:23:16,248623,-5157
2024-12-19 08:23:16,248556,-5147
2024-12-19 08:23:16,248180,-5144
2024-12-19 08:23:16,248213,-5157
2024-12-19 08:23:16,248487,-5143
2024-12-19 08:23:16,248588,-5199
2024-12-19 08:23:16,248557,-5174
2024-12-19 08:23:16,248273,-5129
2024-12-19 08:23:16,248539,-5186
2024-12-19 08:23:16,248541,-5226
2024-12-19 08:23:16,248389,-5174
2024-12-19 08:23:16,248244,-5146
2024-12-19 08:23:16,248429,-5276
2024-12-19 08:23:16,248541,-5358
2024-12-19 08:23:16,248593,-5350
2024-12-19 08:23:16,248511,-5357
2024-12-19 08:23:16,248319,-5258
2024-12-19 08:23:16,248619,-5231
2024-12-19 08:23:16,248661,-5350
2024-12-19 08:23:16,248418,-5317
2024-12-19 08:23:16,248493,-5156
2024-12-19 08:23:16,248515,-5375
2024-12-19 08:23:16,248447,-5289
2024-12-19 08:23:16,248276,-5456
2024-12-19 08:23:16,248153,-5466
2024-12-19 08:23:16,248313,-5466
2024-12-19 08:23:16,248473,-5434
2024-12-19 08:23:16,248023,-5332
2024-12-19 08:23:16,247959,-5143
2024-12-19 08:23:16,248265,-5153
2024-12-19 08:23:16,248421,-5164
2024-12-19 08:23:16,248341,-5147
2024-12-19 08:23:16,248065,-5222
2024-12-19 08:23:16,248036,-5309
2024-12-19 08:23:16,248326,-5260
2024-12-19 08:23:16,248284,-5300
2024-12-19 08:23:16,248075,-5267
2024-12-19 08:23:16,248148,-5314
2024-12-19 08:23:16,248268,-5327
2024-12-19 08:23:16,248236,-5357
2024-12-19 08:23:16,248176,-5296
2024-12-19 08:23:16,248039,-5227
2024-12-19 08:23:16,248171,-5240
2024-12-19 08:23:16,248269,-5228
2024-12-19 08:23:16,248229,-5111
2024-12-19 08:23:16,247676,-5156
2024-12-19 08:23:16,247840,-5119
2024-12-19 08:23:16,247934,-5181
2024-12-19 08:23:16,247769,-5206
2024-12-19 08:23:16,247641,-5189
2024-12-19 08:23:16,247789,-5051
2024-12-19 08:23:16,248069,-5049
2024-12-19 08:23:16,248033,-4992
2024-12-19 08:23:16,247668,-4872
2024-12-19 08:23:16,247825,-4835
2024-12-19 08:23:16,248210,-4910
2024-12-19 08:23:16,248706,-3197
2024-12-19 08:23:16,248918,-3144
2024-12-19 08:23:16,248894,-3211
2024-12-19 08:23:16,248902,-3264
